{
  "version": 2.0,
  "success": true,
  "reason": null,
  "content": {
    "security_info": {
      "dga_score": 0.0,
      "perplexity": 0.1098890210137852,
      "entropy": 1.584962500721156,
      "securerank2": 0.0,
      "pagerank": 0.0,
      "asn_score": 0.0,
      "prefix_score": 0.0,
      "rip_score": 0.0,
      "popularity": 100.0,
      "fastflux": false,
      "geodiversity": [
        [
          "US",
          0.5011
        ],
        [
          "IN",
          0.0698
        ],
        [
          "BR",
          0.0574
        ],
        [
          "GB",
          0.0537
        ],
        [
          "CA",
          0.0432
        ],
        [
          "DE",
          0.0246
        ],
        [
          "AU",
          0.0227
        ],
        [
          "JP",
          0.0158
        ],
        [
          "IT",
          0.0116
        ],
        [
          "NL",
          0.0095
        ],
        [
          "PL",
          0.0093
        ],
        [
          "ES",
          0.0085
        ],
        [
          "LT",
          0.0078
        ],
        [
          "SG",
          0.0069
        ],
        [
          "CO",
          0.0064
        ],
        [
          "IL",
          0.0062
        ],
        [
          "RU",
          0.0057
        ],
        [
          "TR",
          0.0055
        ],
        [
          "ID",
          0.0052
        ],
        [
          "SE",
          0.0051
        ],
        [
          "HK",
          0.0051
        ],
        [
          "MY",
          0.0049
        ],
        [
          "VN",
          0.0047
        ],
        [
          "MX",
          0.0044
        ],
        [
          "CN",
          0.0044
        ],
        [
          "CH",
          0.0041
        ],
        [
          "SA",
          0.0039
        ],
        [
          "ZA",
          0.0038
        ],
        [
          "NG",
          0.0034
        ],
        [
          "PH",
          0.0033
        ],
        [
          "CL",
          0.0033
        ],
        [
          "CR",
          0.0031
        ],
        [
          "DK",
          0.0031
        ],
        [
          "IE",
          0.0028
        ],
        [
          "EG",
          0.0026
        ],
        [
          "UA",
          0.0026
        ],
        [
          "AR",
          0.0026
        ],
        [
          "AE",
          0.0024
        ],
        [
          "AT",
          0.0024
        ],
        [
          "SK",
          0.0023
        ],
        [
          "FI",
          0.002
        ],
        [
          "TH",
          0.002
        ],
        [
          "FR",
          0.002
        ],
        [
          "HU",
          0.002
        ],
        [
          "BE",
          0.0018
        ],
        [
          "RO",
          0.0018
        ],
        [
          "GR",
          0.0018
        ],
        [
          "QA",
          0.0018
        ],
        [
          "TW",
          0.0015
        ],
        [
          "NZ",
          0.0015
        ],
        [
          "CZ",
          0.0015
        ],
        [
          "KZ",
          0.0013
        ],
        [
          "DO",
          0.0013
        ],
        [
          "PK",
          0.0013
        ],
        [
          "EC",
          0.0013
        ],
        [
          "GG",
          0.0011
        ],
        [
          "BD",
          0.001
        ],
        [
          "BG",
          0.001
        ],
        [
          "JM",
          0.001
        ],
        [
          "PT",
          0.001
        ],
        [
          "JO",
          0.0008
        ],
        [
          "PA",
          0.0008
        ],
        [
          "PR",
          0.0008
        ],
        [
          "GH",
          0.0008
        ],
        [
          "BM",
          0.0008
        ],
        [
          "PE",
          0.0007
        ],
        [
          "SI",
          0.0007
        ],
        [
          "BO",
          0.0007
        ],
        [
          "KE",
          0.0007
        ],
        [
          "OM",
          0.0007
        ],
        [
          "VE",
          0.0007
        ],
        [
          "KR",
          0.0007
        ],
        [
          "SV",
          0.0007
        ],
        [
          "GT",
          0.0007
        ],
        [
          "HR",
          0.0005
        ],
        [
          "UY",
          0.0005
        ],
        [
          "MA",
          0.0005
        ],
        [
          "PS",
          0.0005
        ],
        [
          "PY",
          0.0005
        ],
        [
          "NO",
          0.0005
        ],
        [
          "BJ",
          0.0005
        ],
        [
          "MP",
          0.0003
        ],
        [
          "BB",
          0.0003
        ],
        [
          "AZ",
          0.0003
        ],
        [
          "MT",
          0.0003
        ],
        [
          "CW",
          0.0003
        ],
        [
          "CM",
          0.0003
        ],
        [
          "KG",
          0.0003
        ],
        [
          "ET",
          0.0003
        ],
        [
          "??",
          0.0003
        ],
        [
          "MO",
          0.0003
        ],
        [
          "SM",
          0.0003
        ],
        [
          "HN",
          0.0003
        ],
        [
          "KW",
          0.0003
        ],
        [
          "TN",
          0.0003
        ],
        [
          "IQ",
          0.0003
        ],
        [
          "MN",
          0.0003
        ],
        [
          "BA",
          0.0003
        ],
        [
          "AL",
          0.0003
        ],
        [
          "BS",
          0.0003
        ],
        [
          "NE",
          0.0003
        ],
        [
          "LU",
          0.0003
        ],
        [
          "NI",
          0.0003
        ],
        [
          "MK",
          0.0003
        ],
        [
          "KY",
          0.0003
        ],
        [
          "LB",
          0.0002
        ],
        [
          "TC",
          0.0002
        ],
        [
          "IS",
          0.0002
        ],
        [
          "BH",
          0.0002
        ],
        [
          "KH",
          0.0002
        ],
        [
          "LK",
          0.0002
        ],
        [
          "FJ",
          0.0002
        ],
        [
          "SC",
          0.0002
        ],
        [
          "RS",
          0.0002
        ],
        [
          "NP",
          0.0002
        ],
        [
          "BW",
          0.0002
        ],
        [
          "HT",
          0.0002
        ],
        [
          "MZ",
          0.0002
        ],
        [
          "TZ",
          0.0002
        ],
        [
          "AO",
          0.0002
        ],
        [
          "BZ",
          0.0002
        ],
        [
          "MD",
          0.0002
        ],
        [
          "BY",
          0.0002
        ],
        [
          "EE",
          0.0002
        ],
        [
          "LY",
          0.0002
        ],
        [
          "CY",
          0.0002
        ],
        [
          "GE",
          0.0002
        ],
        [
          "SD",
          0.0002
        ],
        [
          "TT",
          0.0002
        ]
      ],